{
  " HIT1 1" : {
    "transaction" : " HIT1 1",
    "sampleCount" : 1,
    "errorCount" : 0,
    "errorPct" : 0.0,
    "meanResTime" : 470.0,
    "medianResTime" : 470.0,
    "minResTime" : 470.0,
    "maxResTime" : 470.0,
    "pct1ResTime" : 470.0,
    "pct2ResTime" : 470.0,
    "pct3ResTime" : 470.0,
    "throughput" : 2.127659574468085,
    "receivedKBytesPerSec" : 1.8263796542553192,
    "sentKBytesPerSec" : 1.277842420212766
  },
  " HIT2 10" : {
    "transaction" : " HIT2 10",
    "sampleCount" : 1,
    "errorCount" : 0,
    "errorPct" : 0.0,
    "meanResTime" : 514.0,
    "medianResTime" : 514.0,
    "minResTime" : 514.0,
    "maxResTime" : 514.0,
    "pct1ResTime" : 514.0,
    "pct2ResTime" : 514.0,
    "pct3ResTime" : 514.0,
    "throughput" : 1.9455252918287937,
    "receivedKBytesPerSec" : 1.670035870622568,
    "sentKBytesPerSec" : 1.1684551313229572
  },
  " HIT3 10" : {
    "transaction" : " HIT3 10",
    "sampleCount" : 1,
    "errorCount" : 0,
    "errorPct" : 0.0,
    "meanResTime" : 381.0,
    "medianResTime" : 381.0,
    "minResTime" : 381.0,
    "maxResTime" : 381.0,
    "pct1ResTime" : 381.0,
    "pct2ResTime" : 381.0,
    "pct3ResTime" : 381.0,
    "throughput" : 2.6246719160104988,
    "receivedKBytesPerSec" : 2.253014271653543,
    "sentKBytesPerSec" : 1.5763410433070866
  },
  " HIT3 9" : {
    "transaction" : " HIT3 9",
    "sampleCount" : 1,
    "errorCount" : 0,
    "errorPct" : 0.0,
    "meanResTime" : 469.0,
    "medianResTime" : 469.0,
    "minResTime" : 469.0,
    "maxResTime" : 469.0,
    "pct1ResTime" : 469.0,
    "pct2ResTime" : 469.0,
    "pct3ResTime" : 469.0,
    "throughput" : 2.1321961620469083,
    "receivedKBytesPerSec" : 1.830273853944563,
    "sentKBytesPerSec" : 1.2805670309168444
  },
  " HIT2 9" : {
    "transaction" : " HIT2 9",
    "sampleCount" : 1,
    "errorCount" : 0,
    "errorPct" : 0.0,
    "meanResTime" : 753.0,
    "medianResTime" : 753.0,
    "minResTime" : 753.0,
    "maxResTime" : 753.0,
    "pct1ResTime" : 753.0,
    "pct2ResTime" : 753.0,
    "pct3ResTime" : 753.0,
    "throughput" : 1.3280212483399734,
    "receivedKBytesPerSec" : 1.1399713645418326,
    "sentKBytesPerSec" : 0.7975908864541833
  },
  " HIT3 8" : {
    "transaction" : " HIT3 8",
    "sampleCount" : 1,
    "errorCount" : 0,
    "errorPct" : 0.0,
    "meanResTime" : 584.0,
    "medianResTime" : 584.0,
    "minResTime" : 584.0,
    "maxResTime" : 584.0,
    "pct1ResTime" : 584.0,
    "pct2ResTime" : 584.0,
    "pct3ResTime" : 584.0,
    "throughput" : 1.7123287671232876,
    "receivedKBytesPerSec" : 1.4698603381849316,
    "sentKBytesPerSec" : 1.028400577910959
  },
  " HIT1 9" : {
    "transaction" : " HIT1 9",
    "sampleCount" : 1,
    "errorCount" : 1,
    "errorPct" : 100.0,
    "meanResTime" : 68.0,
    "medianResTime" : 68.0,
    "minResTime" : 68.0,
    "maxResTime" : 68.0,
    "pct1ResTime" : 68.0,
    "pct2ResTime" : 68.0,
    "pct3ResTime" : 68.0,
    "throughput" : 14.705882352941176,
    "receivedKBytesPerSec" : 2.599379595588235,
    "sentKBytesPerSec" : 8.832146139705882
  },
  " HIT2 8" : {
    "transaction" : " HIT2 8",
    "sampleCount" : 1,
    "errorCount" : 0,
    "errorPct" : 0.0,
    "meanResTime" : 853.0,
    "medianResTime" : 853.0,
    "minResTime" : 853.0,
    "maxResTime" : 853.0,
    "pct1ResTime" : 853.0,
    "pct2ResTime" : 853.0,
    "pct3ResTime" : 853.0,
    "throughput" : 1.1723329425556857,
    "receivedKBytesPerSec" : 1.0063287661195779,
    "sentKBytesPerSec" : 0.7040866793669402
  },
  " HIT3 7" : {
    "transaction" : " HIT3 7",
    "sampleCount" : 1,
    "errorCount" : 0,
    "errorPct" : 0.0,
    "meanResTime" : 559.0,
    "medianResTime" : 559.0,
    "minResTime" : 559.0,
    "maxResTime" : 559.0,
    "pct1ResTime" : 559.0,
    "pct2ResTime" : 559.0,
    "pct3ResTime" : 559.0,
    "throughput" : 1.7889087656529516,
    "receivedKBytesPerSec" : 1.5355964892665472,
    "sentKBytesPerSec" : 1.0743934481216457
  },
  " HIT1 8" : {
    "transaction" : " HIT1 8",
    "sampleCount" : 1,
    "errorCount" : 0,
    "errorPct" : 0.0,
    "meanResTime" : 364.0,
    "medianResTime" : 364.0,
    "minResTime" : 364.0,
    "maxResTime" : 364.0,
    "pct1ResTime" : 364.0,
    "pct2ResTime" : 364.0,
    "pct3ResTime" : 364.0,
    "throughput" : 2.7472527472527473,
    "receivedKBytesPerSec" : 2.358237465659341,
    "sentKBytesPerSec" : 1.6499613667582418
  },
  " HIT2 7" : {
    "transaction" : " HIT2 7",
    "sampleCount" : 1,
    "errorCount" : 0,
    "errorPct" : 0.0,
    "meanResTime" : 575.0,
    "medianResTime" : 575.0,
    "minResTime" : 575.0,
    "maxResTime" : 575.0,
    "pct1ResTime" : 575.0,
    "pct2ResTime" : 575.0,
    "pct3ResTime" : 575.0,
    "throughput" : 1.7391304347826089,
    "receivedKBytesPerSec" : 1.4928668478260871,
    "sentKBytesPerSec" : 1.0444972826086958
  },
  " HIT3 6" : {
    "transaction" : " HIT3 6",
    "sampleCount" : 1,
    "errorCount" : 0,
    "errorPct" : 0.0,
    "meanResTime" : 504.0,
    "medianResTime" : 504.0,
    "minResTime" : 504.0,
    "maxResTime" : 504.0,
    "pct1ResTime" : 504.0,
    "pct2ResTime" : 504.0,
    "pct3ResTime" : 504.0,
    "throughput" : 1.984126984126984,
    "receivedKBytesPerSec" : 1.7031715029761905,
    "sentKBytesPerSec" : 1.1916387648809523
  },
  " HIT1 7" : {
    "transaction" : " HIT1 7",
    "sampleCount" : 1,
    "errorCount" : 0,
    "errorPct" : 0.0,
    "meanResTime" : 423.0,
    "medianResTime" : 423.0,
    "minResTime" : 423.0,
    "maxResTime" : 423.0,
    "pct1ResTime" : 423.0,
    "pct2ResTime" : 423.0,
    "pct3ResTime" : 423.0,
    "throughput" : 2.3640661938534278,
    "receivedKBytesPerSec" : 2.0293107269503547,
    "sentKBytesPerSec" : 1.4198249113475179
  },
  " HIT2 6" : {
    "transaction" : " HIT2 6",
    "sampleCount" : 1,
    "errorCount" : 0,
    "errorPct" : 0.0,
    "meanResTime" : 704.0,
    "medianResTime" : 704.0,
    "minResTime" : 704.0,
    "maxResTime" : 704.0,
    "pct1ResTime" : 704.0,
    "pct2ResTime" : 704.0,
    "pct3ResTime" : 704.0,
    "throughput" : 1.4204545454545454,
    "receivedKBytesPerSec" : 1.2193159623579546,
    "sentKBytesPerSec" : 0.8531050248579546
  },
  " HIT3 5" : {
    "transaction" : " HIT3 5",
    "sampleCount" : 1,
    "errorCount" : 0,
    "errorPct" : 0.0,
    "meanResTime" : 617.0,
    "medianResTime" : 617.0,
    "minResTime" : 617.0,
    "maxResTime" : 617.0,
    "pct1ResTime" : 617.0,
    "pct2ResTime" : 617.0,
    "pct3ResTime" : 617.0,
    "throughput" : 1.6207455429497568,
    "receivedKBytesPerSec" : 1.3912454416531606,
    "sentKBytesPerSec" : 0.9733969813614263
  },
  " HIT1 6" : {
    "transaction" : " HIT1 6",
    "sampleCount" : 1,
    "errorCount" : 0,
    "errorPct" : 0.0,
    "meanResTime" : 538.0,
    "medianResTime" : 538.0,
    "minResTime" : 538.0,
    "maxResTime" : 538.0,
    "pct1ResTime" : 538.0,
    "pct2ResTime" : 538.0,
    "pct3ResTime" : 538.0,
    "throughput" : 1.858736059479554,
    "receivedKBytesPerSec" : 1.595536129182156,
    "sentKBytesPerSec" : 1.1163307388475836
  },
  " HIT2 5" : {
    "transaction" : " HIT2 5",
    "sampleCount" : 1,
    "errorCount" : 0,
    "errorPct" : 0.0,
    "meanResTime" : 657.0,
    "medianResTime" : 657.0,
    "minResTime" : 657.0,
    "maxResTime" : 657.0,
    "pct1ResTime" : 657.0,
    "pct2ResTime" : 657.0,
    "pct3ResTime" : 657.0,
    "throughput" : 1.5220700152207,
    "receivedKBytesPerSec" : 1.30654252283105,
    "sentKBytesPerSec" : 0.9141338470319634
  },
  " HIT3 4" : {
    "transaction" : " HIT3 4",
    "sampleCount" : 1,
    "errorCount" : 0,
    "errorPct" : 0.0,
    "meanResTime" : 634.0,
    "medianResTime" : 634.0,
    "minResTime" : 634.0,
    "maxResTime" : 634.0,
    "pct1ResTime" : 634.0,
    "pct2ResTime" : 634.0,
    "pct3ResTime" : 634.0,
    "throughput" : 1.5772870662460567,
    "receivedKBytesPerSec" : 1.3539407531545742,
    "sentKBytesPerSec" : 0.9472964313880126
  },
  " HIT1 5" : {
    "transaction" : " HIT1 5",
    "sampleCount" : 1,
    "errorCount" : 0,